item,option_left,option_right
animate/a1.jpg,有生命,无生命
animate/a1.jpg,无生命,有生命
animate/a2.jpg,有生命,无生命
animate/a2.jpg,无生命,有生命
animate/a3.jpg,有生命,无生命
animate/a3.jpg,无生命,有生命
animate/a4.jpg,有生命,无生命
animate/a4.jpg,无生命,有生命
animate/a5.jpg,有生命,无生命
animate/a5.jpg,无生命,有生命
animate/a6.jpg,有生命,无生命
animate/a6.jpg,无生命,有生命
animate/a7.jpg,有生命,无生命
animate/a7.jpg,无生命,有生命
animate/a8.jpg,有生命,无生命
animate/a8.jpg,无生命,有生命
animate/a9.jpg,有生命,无生命
animate/a9.jpg,无生命,有生命
animate/a10.jpg,有生命,无生命
animate/a10.jpg,无生命,有生命
animate/a11.jpg,有生命,无生命
animate/a11.jpg,无生命,有生命
animate/a12.jpg,有生命,无生命
animate/a12.jpg,无生命,有生命
animate/a13.jpg,有生命,无生命
animate/a13.jpg,无生命,有生命
animate/a14.jpg,有生命,无生命
animate/a14.jpg,无生命,有生命
animate/a15.jpg,有生命,无生命
animate/a15.jpg,无生命,有生命
animate/a16.jpg,有生命,无生命
animate/a16.jpg,无生命,有生命
animate/a17.jpg,有生命,无生命
animate/a17.jpg,无生命,有生命
animate/a18.jpg,有生命,无生命
animate/a18.jpg,无生命,有生命
animate/a19.jpg,有生命,无生命
animate/a19.jpg,无生命,有生命
animate/a20.jpg,有生命,无生命
animate/a20.jpg,无生命,有生命
animate/a21.jpg,有生命,无生命
animate/a21.jpg,无生命,有生命
animate/a22.jpg,有生命,无生命
animate/a22.jpg,无生命,有生命
animate/a23.jpg,有生命,无生命
animate/a23.jpg,无生命,有生命
animate/a24.jpg,有生命,无生命
animate/a24.jpg,无生命,有生命
animate/a25.jpg,有生命,无生命
animate/a25.jpg,无生命,有生命
animate/a26.jpg,有生命,无生命
animate/a26.jpg,无生命,有生命
animate/a27.jpg,有生命,无生命
animate/a27.jpg,无生命,有生命
animate/a28.jpg,有生命,无生命
animate/a28.jpg,无生命,有生命
animate/a29.jpg,有生命,无生命
animate/a29.jpg,无生命,有生命
animate/a30.jpg,有生命,无生命
animate/a30.jpg,无生命,有生命
animate/a31.jpg,有生命,无生命
animate/a31.jpg,无生命,有生命
animate/a32.jpg,有生命,无生命
animate/a32.jpg,无生命,有生命
animate/a33.jpg,有生命,无生命
animate/a33.jpg,无生命,有生命
animate/a34.jpg,有生命,无生命
animate/a34.jpg,无生命,有生命
animate/a35.jpg,有生命,无生命
animate/a35.jpg,无生命,有生命
animate/a36.jpg,有生命,无生命
animate/a36.jpg,无生命,有生命
animate/a37.jpg,有生命,无生命
animate/a37.jpg,无生命,有生命
animate/a38.jpg,有生命,无生命
animate/a38.jpg,无生命,有生命
animate/a39.jpg,有生命,无生命
animate/a39.jpg,无生命,有生命
animate/a40.jpg,有生命,无生命
animate/a40.jpg,无生命,有生命
animate/a41.jpg,有生命,无生命
animate/a41.jpg,无生命,有生命
animate/a42.jpg,有生命,无生命
animate/a42.jpg,无生命,有生命
animate/a43.jpg,有生命,无生命
animate/a43.jpg,无生命,有生命
animate/a44.jpg,有生命,无生命
animate/a44.jpg,无生命,有生命
animate/a45.jpg,有生命,无生命
animate/a45.jpg,无生命,有生命
animate/a46.jpg,有生命,无生命
animate/a46.jpg,无生命,有生命
animate/a47.jpg,有生命,无生命
animate/a47.jpg,无生命,有生命
animate/a48.jpg,有生命,无生命
animate/a48.jpg,无生命,有生命
animate/a49.jpg,有生命,无生命
animate/a49.jpg,无生命,有生命
animate/a50.jpg,有生命,无生命
animate/a50.jpg,无生命,有生命
animate/a51.jpg,有生命,无生命
animate/a51.jpg,无生命,有生命
animate/a52.jpg,有生命,无生命
animate/a52.jpg,无生命,有生命
animate/a53.jpg,有生命,无生命
animate/a53.jpg,无生命,有生命
animate/a54.jpg,有生命,无生命
animate/a54.jpg,无生命,有生命
animate/a55.jpg,有生命,无生命
animate/a55.jpg,无生命,有生命
animate/a56.jpg,有生命,无生命
animate/a56.jpg,无生命,有生命
animate/a57.jpg,有生命,无生命
animate/a57.jpg,无生命,有生命
animate/a58.jpg,有生命,无生命
animate/a58.jpg,无生命,有生命
animate/a59.jpg,有生命,无生命
animate/a59.jpg,无生命,有生命
animate/a60.jpg,有生命,无生命
animate/a60.jpg,无生命,有生命
animate/a61.jpg,有生命,无生命
animate/a61.jpg,无生命,有生命
animate/a62.jpg,有生命,无生命
animate/a62.jpg,无生命,有生命
animate/a63.jpg,有生命,无生命
animate/a63.jpg,无生命,有生命
animate/a64.jpg,有生命,无生命
animate/a64.jpg,无生命,有生命
animate/a65.jpg,有生命,无生命
animate/a65.jpg,无生命,有生命
animate/a66.jpg,有生命,无生命
animate/a66.jpg,无生命,有生命
animate/a67.jpg,有生命,无生命
animate/a67.jpg,无生命,有生命
animate/a68.jpg,有生命,无生命
animate/a68.jpg,无生命,有生命
animate/a69.jpg,有生命,无生命
animate/a69.jpg,无生命,有生命
animate/a70.jpg,有生命,无生命
animate/a70.jpg,无生命,有生命
animate/a71.jpg,有生命,无生命
animate/a71.jpg,无生命,有生命
animate/a72.jpg,有生命,无生命
animate/a72.jpg,无生命,有生命
animate/a73.jpg,有生命,无生命
animate/a73.jpg,无生命,有生命
animate/a74.jpg,有生命,无生命
animate/a74.jpg,无生命,有生命
animate/a75.jpg,有生命,无生命
animate/a75.jpg,无生命,有生命
animate/a76.jpg,有生命,无生命
animate/a76.jpg,无生命,有生命
animate/a77.jpg,有生命,无生命
animate/a77.jpg,无生命,有生命
animate/a78.jpg,有生命,无生命
animate/a78.jpg,无生命,有生命
animate/a79.jpg,有生命,无生命
animate/a79.jpg,无生命,有生命
animate/a80.jpg,有生命,无生命
animate/a80.jpg,无生命,有生命
non-animate/n1.jpg,有生命,无生命
non-animate/n1.jpg,无生命,有生命
non-animate/n2.jpg,有生命,无生命
non-animate/n2.jpg,无生命,有生命
non-animate/n3.jpg,有生命,无生命
non-animate/n3.jpg,无生命,有生命
non-animate/n4.jpg,有生命,无生命
non-animate/n4.jpg,无生命,有生命
non-animate/n5.jpg,有生命,无生命
non-animate/n5.jpg,无生命,有生命
non-animate/n6.jpg,有生命,无生命
non-animate/n6.jpg,无生命,有生命
non-animate/n7.jpg,有生命,无生命
non-animate/n7.jpg,无生命,有生命
non-animate/n8.jpg,有生命,无生命
non-animate/n8.jpg,无生命,有生命
non-animate/n9.jpg,有生命,无生命
non-animate/n9.jpg,无生命,有生命
non-animate/n10.jpg,有生命,无生命
non-animate/n10.jpg,无生命,有生命
non-animate/n11.jpg,有生命,无生命
non-animate/n11.jpg,无生命,有生命
non-animate/n12.jpg,有生命,无生命
non-animate/n12.jpg,无生命,有生命
non-animate/n13.jpg,有生命,无生命
non-animate/n13.jpg,无生命,有生命
non-animate/n14.jpg,有生命,无生命
non-animate/n14.jpg,无生命,有生命
non-animate/n15.jpg,有生命,无生命
non-animate/n15.jpg,无生命,有生命
non-animate/n16.jpg,有生命,无生命
non-animate/n16.jpg,无生命,有生命
non-animate/n17.jpg,有生命,无生命
non-animate/n17.jpg,无生命,有生命
non-animate/n18.jpg,有生命,无生命
non-animate/n18.jpg,无生命,有生命
non-animate/n19.jpg,有生命,无生命
non-animate/n19.jpg,无生命,有生命
non-animate/n20.jpg,有生命,无生命
non-animate/n20.jpg,无生命,有生命
non-animate/n21.jpg,有生命,无生命
non-animate/n21.jpg,无生命,有生命
non-animate/n22.jpg,有生命,无生命
non-animate/n22.jpg,无生命,有生命
non-animate/n23.jpg,有生命,无生命
non-animate/n23.jpg,无生命,有生命
non-animate/n24.jpg,有生命,无生命
non-animate/n24.jpg,无生命,有生命
non-animate/n25.jpg,有生命,无生命
non-animate/n25.jpg,无生命,有生命
non-animate/n26.jpg,有生命,无生命
non-animate/n26.jpg,无生命,有生命
non-animate/n27.jpg,有生命,无生命
non-animate/n27.jpg,无生命,有生命
non-animate/n28.jpg,有生命,无生命
non-animate/n28.jpg,无生命,有生命
non-animate/n29.jpg,有生命,无生命
non-animate/n29.jpg,无生命,有生命
non-animate/n30.jpg,有生命,无生命
non-animate/n30.jpg,无生命,有生命
non-animate/n31.jpg,有生命,无生命
non-animate/n31.jpg,无生命,有生命
non-animate/n32.jpg,有生命,无生命
non-animate/n32.jpg,无生命,有生命
non-animate/n33.jpg,有生命,无生命
non-animate/n33.jpg,无生命,有生命
non-animate/n34.jpg,有生命,无生命
non-animate/n34.jpg,无生命,有生命
non-animate/n35.jpg,有生命,无生命
non-animate/n35.jpg,无生命,有生命
non-animate/n36.jpg,有生命,无生命
non-animate/n36.jpg,无生命,有生命
non-animate/n37.jpg,有生命,无生命
non-animate/n37.jpg,无生命,有生命
non-animate/n38.jpg,有生命,无生命
non-animate/n38.jpg,无生命,有生命
non-animate/n39.jpg,有生命,无生命
non-animate/n39.jpg,无生命,有生命
non-animate/n40.jpg,有生命,无生命
non-animate/n40.jpg,无生命,有生命
non-animate/n41.jpg,有生命,无生命
non-animate/n41.jpg,无生命,有生命
non-animate/n42.jpg,有生命,无生命
non-animate/n42.jpg,无生命,有生命
non-animate/n43.jpg,有生命,无生命
non-animate/n43.jpg,无生命,有生命
non-animate/n44.jpg,有生命,无生命
non-animate/n44.jpg,无生命,有生命
non-animate/n45.jpg,有生命,无生命
non-animate/n45.jpg,无生命,有生命
non-animate/n46.jpg,有生命,无生命
non-animate/n46.jpg,无生命,有生命
non-animate/n47.jpg,有生命,无生命
non-animate/n47.jpg,无生命,有生命
non-animate/n48.jpg,有生命,无生命
non-animate/n48.jpg,无生命,有生命
non-animate/n49.jpg,有生命,无生命
non-animate/n49.jpg,无生命,有生命
non-animate/n50.jpg,有生命,无生命
non-animate/n50.jpg,无生命,有生命
non-animate/n51.jpg,有生命,无生命
non-animate/n51.jpg,无生命,有生命
non-animate/n52.jpg,有生命,无生命
non-animate/n52.jpg,无生命,有生命
non-animate/n53.jpg,有生命,无生命
non-animate/n53.jpg,无生命,有生命
non-animate/n54.jpg,有生命,无生命
non-animate/n54.jpg,无生命,有生命
non-animate/n55.jpg,有生命,无生命
non-animate/n55.jpg,无生命,有生命
non-animate/n56.jpg,有生命,无生命
non-animate/n56.jpg,无生命,有生命
non-animate/n57.jpg,有生命,无生命
non-animate/n57.jpg,无生命,有生命
non-animate/n58.jpg,有生命,无生命
non-animate/n58.jpg,无生命,有生命
non-animate/n59.jpg,有生命,无生命
non-animate/n59.jpg,无生命,有生命
non-animate/n60.jpg,有生命,无生命
non-animate/n60.jpg,无生命,有生命
non-animate/n61.jpg,有生命,无生命
non-animate/n61.jpg,无生命,有生命
non-animate/n62.jpg,有生命,无生命
non-animate/n62.jpg,无生命,有生命
non-animate/n63.jpg,有生命,无生命
non-animate/n63.jpg,无生命,有生命
non-animate/n64.jpg,有生命,无生命
non-animate/n64.jpg,无生命,有生命
non-animate/n65.jpg,有生命,无生命
non-animate/n65.jpg,无生命,有生命
non-animate/n66.jpg,有生命,无生命
non-animate/n66.jpg,无生命,有生命
non-animate/n67.jpg,有生命,无生命
non-animate/n67.jpg,无生命,有生命
non-animate/n68.jpg,有生命,无生命
non-animate/n68.jpg,无生命,有生命
non-animate/n69.jpg,有生命,无生命
non-animate/n69.jpg,无生命,有生命
non-animate/n70.jpg,有生命,无生命
non-animate/n70.jpg,无生命,有生命
non-animate/n71.jpg,有生命,无生命
non-animate/n71.jpg,无生命,有生命
non-animate/n72.jpg,有生命,无生命
non-animate/n72.jpg,无生命,有生命
non-animate/n73.jpg,有生命,无生命
non-animate/n73.jpg,无生命,有生命
non-animate/n74.jpg,有生命,无生命
non-animate/n74.jpg,无生命,有生命
non-animate/n75.jpg,有生命,无生命
non-animate/n75.jpg,无生命,有生命
non-animate/n76.jpg,有生命,无生命
non-animate/n76.jpg,无生命,有生命
non-animate/n77.jpg,有生命,无生命
non-animate/n77.jpg,无生命,有生命
non-animate/n78.jpg,有生命,无生命
non-animate/n78.jpg,无生命,有生命
non-animate/n79.jpg,有生命,无生命
non-animate/n79.jpg,无生命,有生命
non-animate/n80.jpg,有生命,无生命
non-animate/n80.jpg,无生命,有生命
